1,2,3,4,5,6,7,8,9,10,11,12,13,14,15,16,17,18,19,20,21,22,23,24,25,26,27,28,29,30,31,32,33,34,35,36,37,38,39,40,41,42,43,44,45,46,47,48,49,50,51,52,53,54,55,56,57,58,59,60,61,62,63,64,65,66,67,68,69,70,71,72,73,74,75,76,77,78,79,80,81,82,83,84,85,86,87,88,89,90,91,92,93,94,95,96,97,98,99,100,101,102,103,104,105,106,107,108,109,110,111,112,113,114,115,116,117,118,119,120,121,122,123,124,125,126,127,128,129,130,131,132,133,134,135,136,137,138,139,140,141,142,143,144,145,146,147,148,149,150,151,152,153,154,155,156,157,158,159,160
213.0,134.0,211.0,134.0,207.0,135.0,206.0,135.0,205.0,135.0,204.0,135.0,202.0,135.0,202.0,135.0,203.0,135.0,203.0,135.0,202.0,135.0,198.0,137.0,197.0,139.0,194.0,140.0,192.0,142.0,189.0,143.0,186.0,144.0,185.0,145.0,182.0,145.0,176.0,147.0,167.0,148.0,162.0,148.0,160.0,149.0,155.0,149.0,151.0,152.0,150.0,154.0,145.0,153.0,142.0,153.0,140.0,154.0,139.0,155.0,139.0,155.0,138.0,155.0,136.0,154.0,137.0,154.0,138.0,153.0,141.0,154.0,143.0,153.0,145.0,154.0,147.0,155.0,148.0,155.0,148.0,155.0,147.0,155.0,146.0,154.0,146.0,154.0,145.0,153.0,144.0,153.0,144.0,153.0,144.0,153.0,144.0,153.0,144.0,153.0,144.0,153.0,146.0,153.0,148.0,152.0,151.0,152.0,151.0,152.0,151.0,152.0,152.0,151.0,154.0,151.0,154.0,151.0,156.0,151.0,156.0,151.0,155.0,152.0,156.0,152.0,155.0,152.0,155.0,152.0,154.0,152.0,156.0,152.0,159.0,152.0,163.0,152.0,167.0,150.0,166.0,150.0,164.0,150.0,167.0,148.0,170.0,146.0,175.0,145.0,177.0,145.0,185.0,142.0,189.0,141.0,195.0,140.0,201.0,139.0
214.0,48.0,213.0,48.0,212.0,47.0,212.0,46.0,212.0,46.0,210.0,46.0,211.0,45.0,212.0,45.0,213.0,45.0,213.0,45.0,210.0,45.0,207.0,44.0,199.0,44.0,196.0,44.0,193.0,44.0,193.0,44.0,191.0,43.0,188.0,43.0,187.0,43.0,184.0,42.0,182.0,41.0,182.0,40.0,181.0,40.0,177.0,40.0,173.0,38.0,171.0,37.0,175.0,36.0,177.0,36.0,174.0,35.0,171.0,34.0,171.0,34.0,171.0,33.0,173.0,33.0,174.0,33.0,174.0,33.0,174.0,33.0,174.0,33.0,170.0,33.0,167.0,33.0,165.0,33.0,165.0,32.0,166.0,32.0,168.0,32.0,170.0,32.0,171.0,32.0,173.0,32.0,173.0,32.0,173.0,32.0,173.0,32.0,173.0,32.0,173.0,32.0,172.0,33.0,172.0,34.0,169.0,34.0,169.0,34.0,171.0,35.0,173.0,35.0,171.0,35.0,171.0,35.0,169.0,36.0,169.0,36.0,168.0,36.0,167.0,35.0,167.0,35.0,169.0,35.0,169.0,35.0,169.0,36.0,170.0,37.0,167.0,37.0,169.0,39.0,170.0,39.0,172.0,38.0,175.0,39.0,181.0,41.0,186.0,42.0,188.0,43.0,195.0,45.0,198.0,46.0,200.0,46.0,202.0,47.0
428.0,122.0,427.0,121.0,423.0,121.0,421.0,121.0,420.0,121.0,419.0,121.0,419.0,121.0,418.0,122.0,419.0,122.0,418.0,122.0,413.0,123.0,410.0,124.0,406.0,125.0,404.0,126.0,403.0,127.0,403.0,127.0,400.0,128.0,400.0,129.0,400.0,129.0,395.0,130.0,390.0,131.0,387.0,131.0,384.0,131.0,378.0,133.0,369.0,134.0,365.0,134.0,362.0,134.0,358.0,134.0,357.0,134.0,355.0,134.0,353.0,135.0,352.0,134.0,350.0,134.0,350.0,134.0,350.0,134.0,350.0,135.0,352.0,135.0,352.0,135.0,351.0,136.0,352.0,136.0,353.0,136.0,353.0,136.0,353.0,135.0,353.0,135.0,352.0,135.0,352.0,135.0,353.0,135.0,354.0,135.0,354.0,135.0,354.0,135.0,354.0,135.0,356.0,135.0,359.0,135.0,360.0,135.0,359.0,135.0,359.0,135.0,362.0,135.0,363.0,135.0,363.0,135.0,366.0,135.0,366.0,135.0,365.0,135.0,366.0,135.0,364.0,135.0,365.0,135.0,366.0,135.0,369.0,135.0,371.0,135.0,374.0,135.0,378.0,134.0,376.0,134.0,376.0,134.0,379.0,133.0,388.0,132.0,398.0,131.0,402.0,130.0,410.0,128.0,413.0,128.0,417.0,128.0,420.0,127.0
425.0,61.0,424.0,61.0,425.0,60.0,425.0,60.0,425.0,60.0,423.0,60.0,424.0,59.0,426.0,59.0,427.0,59.0,425.0,60.0,419.0,60.0,412.0,61.0,401.0,63.0,398.0,64.0,395.0,66.0,391.0,68.0,384.0,69.0,384.0,71.0,380.0,72.0,374.0,74.0,369.0,75.0,363.0,75.0,353.0,76.0,326.0,77.0,302.0,76.0,302.0,76.0,303.0,74.0,295.0,74.0,286.0,73.0,269.0,73.0,273.0,73.0,270.0,73.0,268.0,73.0,259.0,72.0,253.0,72.0,257.0,72.0,258.0,72.0,261.0,73.0,261.0,74.0,274.0,74.0,274.0,74.0,272.0,74.0,283.0,74.0,282.0,74.0,282.0,74.0,289.0,74.0,289.0,74.0,289.0,74.0,284.0,74.0,272.0,73.0,258.0,70.0,279.0,71.0,282.0,72.0,280.0,72.0,279.0,72.0,294.0,73.0,304.0,73.0,301.0,73.0,301.0,73.0,295.0,73.0,288.0,72.0,288.0,72.0,283.0,72.0,284.0,72.0,284.0,72.0,291.0,72.0,292.0,72.0,295.0,73.0,290.0,74.0,295.0,74.0,301.0,74.0,300.0,75.0,324.0,75.0,358.0,75.0,385.0,74.0,395.0,71.0,410.0,69.0,413.0,66.0,418.0,65.0,423.0,65.0
471.0,103.0,474.0,102.0,473.0,102.0,470.0,102.0,471.0,102.0,465.0,102.0,463.0,102.0,460.0,102.0,461.0,102.0,459.0,103.0,448.0,104.0,437.0,104.0,411.0,106.0,396.0,107.0,355.0,109.0,338.0,110.0,323.0,110.0,303.0,111.0,290.0,111.0,268.0,112.0,244.0,111.0,241.0,110.0,234.0,108.0,226.0,111.0,209.0,113.0,203.0,114.0,195.0,115.0,199.0,113.0,195.0,114.0,197.0,113.0,199.0,113.0,200.0,112.0,212.0,110.0,229.0,109.0,254.0,106.0,262.0,107.0,262.0,106.0,260.0,107.0,256.0,109.0,254.0,109.0,254.0,110.0,255.0,109.0,267.0,107.0,266.0,106.0,268.0,106.0,267.0,106.0,263.0,108.0,264.0,109.0,262.0,108.0,262.0,108.0,272.0,109.0,275.0,109.0,284.0,109.0,296.0,108.0,296.0,107.0,301.0,107.0,302.0,107.0,300.0,107.0,300.0,107.0,304.0,108.0,303.0,109.0,302.0,109.0,301.0,109.0,300.0,109.0,301.0,109.0,297.0,108.0,297.0,108.0,295.0,108.0,294.0,108.0,297.0,108.0,294.0,108.0,289.0,107.0,290.0,106.0,284.0,107.0,281.0,107.0,289.0,110.0,298.0,110.0,305.0,110.0,318.0,110.0,350.0,109.0
482.0,79.0,489.0,79.0,489.0,79.0,490.0,78.0,490.0,78.0,486.0,78.0,486.0,78.0,487.0,78.0,484.0,78.0,481.0,79.0,471.0,81.0,455.0,81.0,426.0,83.0,406.0,84.0,380.0,85.0,362.0,87.0,352.0,86.0,330.0,91.0,323.0,96.0,306.0,100.0,285.0,104.0,285.0,106.0,274.0,112.0,254.0,115.0,239.0,116.0,244.0,113.0,225.0,112.0,222.0,112.0,215.0,112.0,218.0,113.0,221.0,112.0,227.0,113.0,222.0,112.0,219.0,111.0,214.0,107.0,206.0,106.0,216.0,106.0,237.0,110.0,242.0,112.0,246.0,112.0,244.0,112.0,240.0,110.0,231.0,109.0,231.0,110.0,229.0,107.0,239.0,110.0,236.0,111.0,239.0,109.0,234.0,108.0,220.0,103.0,221.0,99.0,224.0,101.0,227.0,102.0,228.0,101.0,219.0,102.0,223.0,103.0,244.0,102.0,244.0,103.0,244.0,103.0,241.0,104.0,222.0,103.0,205.0,102.0,198.0,102.0,208.0,106.0,215.0,104.0,219.0,105.0,227.0,105.0,232.0,105.0,229.0,103.0,238.0,103.0,249.0,103.0,252.0,104.0,267.0,104.0,279.0,104.0,287.0,103.0,304.0,94.0,328.0,86.0,338.0,84.0,366.0,83.0,376.0,84.0
469.0,98.0,471.0,97.0,472.0,97.0,469.0,97.0,468.0,96.0,464.0,96.0,464.0,96.0,459.0,96.0,460.0,96.0,458.0,97.0,441.0,98.0,426.0,98.0,393.0,100.0,379.0,101.0,331.0,103.0,305.0,104.0,284.0,105.0,262.0,105.0,243.0,106.0,221.0,104.0,192.0,102.0,198.0,100.0,193.0,100.0,180.0,101.0,159.0,104.0,152.0,106.0,146.0,107.0,149.0,106.0,151.0,103.0,151.0,101.0,154.0,101.0,160.0,99.0,181.0,97.0,211.0,95.0,239.0,94.0,241.0,94.0,238.0,93.0,229.0,94.0,225.0,96.0,222.0,96.0,221.0,96.0,223.0,96.0,238.0,94.0,238.0,93.0,241.0,94.0,241.0,93.0,231.0,95.0,231.0,96.0,230.0,95.0,235.0,95.0,250.0,99.0,251.0,100.0,265.0,99.0,277.0,99.0,278.0,98.0,280.0,98.0,280.0,98.0,280.0,98.0,279.0,98.0,281.0,99.0,281.0,99.0,279.0,99.0,279.0,100.0,278.0,99.0,279.0,99.0,275.0,99.0,271.0,99.0,266.0,99.0,265.0,99.0,269.0,99.0,262.0,99.0,254.0,98.0,254.0,97.0,243.0,98.0,233.0,99.0,245.0,104.0,255.0,104.0,261.0,104.0,285.0,105.0,318.0,104.0
478.0,84.0,485.0,84.0,485.0,84.0,484.0,83.0,486.0,83.0,483.0,83.0,482.0,83.0,479.0,83.0,476.0,83.0,473.0,84.0,468.0,86.0,449.0,86.0,419.0,88.0,395.0,89.0,364.0,90.0,333.0,91.0,323.0,91.0,298.0,96.0,292.0,101.0,278.0,105.0,258.0,109.0,259.0,112.0,251.0,117.0,222.0,122.0,203.0,125.0,207.0,121.0,191.0,122.0,184.0,121.0,180.0,120.0,183.0,120.0,187.0,119.0,197.0,122.0,196.0,121.0,197.0,120.0,184.0,113.0,173.0,112.0,199.0,111.0,219.0,117.0,222.0,120.0,222.0,119.0,221.0,119.0,222.0,117.0,206.0,117.0,203.0,117.0,210.0,114.0,220.0,117.0,217.0,116.0,216.0,115.0,207.0,115.0,197.0,109.0,207.0,105.0,209.0,108.0,210.0,108.0,205.0,104.0,183.0,107.0,185.0,107.0,215.0,105.0,219.0,106.0,220.0,106.0,211.0,108.0,204.0,108.0,178.0,110.0,169.0,111.0,176.0,111.0,180.0,111.0,181.0,111.0,187.0,111.0,193.0,110.0,197.0,110.0,205.0,109.0,222.0,108.0,232.0,110.0,241.0,110.0,256.0,110.0,259.0,109.0,267.0,99.0,284.0,89.0,304.0,89.0,336.0,88.0,345.0,89.0
487.0,96.0,490.0,96.0,490.0,96.0,488.0,96.0,486.0,95.0,481.0,95.0,480.0,95.0,476.0,95.0,475.0,95.0,475.0,96.0,462.0,97.0,448.0,97.0,414.0,99.0,399.0,100.0,341.0,102.0,309.0,103.0,284.0,104.0,256.0,103.0,231.0,103.0,210.0,102.0,182.0,99.0,190.0,96.0,180.0,94.0,169.0,97.0,151.0,99.0,143.0,103.0,139.0,105.0,144.0,102.0,144.0,100.0,146.0,98.0,149.0,98.0,160.0,93.0,185.0,92.0,219.0,92.0,250.0,91.0,252.0,91.0,249.0,90.0,238.0,91.0,232.0,91.0,228.0,92.0,226.0,93.0,228.0,92.0,245.0,90.0,247.0,90.0,250.0,91.0,249.0,90.0,236.0,92.0,234.0,93.0,234.0,92.0,241.0,93.0,262.0,95.0,259.0,96.0,274.0,96.0,288.0,95.0,290.0,93.0,291.0,94.0,291.0,93.0,292.0,92.0,290.0,94.0,291.0,96.0,290.0,96.0,288.0,97.0,289.0,97.0,288.0,95.0,288.0,95.0,285.0,94.0,280.0,95.0,274.0,94.0,272.0,95.0,275.0,94.0,267.0,94.0,257.0,94.0,256.0,93.0,239.0,93.0,224.0,94.0,237.0,103.0,249.0,103.0,255.0,103.0,286.0,104.0,327.0,102.0
491.0,85.0,497.0,85.0,496.0,84.0,496.0,84.0,497.0,84.0,495.0,84.0,493.0,83.0,491.0,84.0,489.0,84.0,487.0,85.0,481.0,87.0,462.0,87.0,438.0,89.0,409.0,89.0,376.0,91.0,340.0,92.0,330.0,92.0,305.0,100.0,297.0,102.0,273.0,108.0,244.0,111.0,256.0,114.0,250.0,120.0,221.0,124.0,202.0,128.0,198.0,125.0,190.0,125.0,186.0,125.0,182.0,124.0,188.0,125.0,191.0,124.0,199.0,126.0,198.0,124.0,199.0,123.0,159.0,115.0,159.0,116.0,178.0,115.0,215.0,120.0,222.0,123.0,224.0,123.0,224.0,123.0,226.0,119.0,192.0,122.0,193.0,121.0,205.0,117.0,219.0,120.0,213.0,121.0,213.0,119.0,202.0,119.0,177.0,114.0,201.0,107.0,203.0,110.0,207.0,111.0,205.0,110.0,161.0,113.0,169.0,115.0,212.0,110.0,211.0,110.0,213.0,112.0,199.0,112.0,174.0,113.0,160.0,112.0,157.0,113.0,169.0,119.0,165.0,115.0,169.0,117.0,183.0,115.0,181.0,113.0,176.0,111.0,195.0,109.0,222.0,111.0,223.0,113.0,236.0,112.0,259.0,113.0,260.0,113.0,267.0,100.0,284.0,90.0,309.0,91.0,346.0,89.0,353.0,90.0
510.0,99.0,512.0,99.0,513.0,99.0,511.0,99.0,510.0,98.0,505.0,98.0,505.0,98.0,502.0,98.0,499.0,99.0,498.0,100.0,488.0,100.0,479.0,100.0,451.0,101.0,432.0,102.0,378.0,104.0,346.0,105.0,325.0,106.0,292.0,105.0,268.0,104.0,240.0,103.0,208.0,100.0,211.0,96.0,205.0,94.0,196.0,97.0,173.0,100.0,166.0,103.0,160.0,104.0,168.0,102.0,169.0,101.0,171.0,99.0,174.0,99.0,192.0,95.0,214.0,94.0,245.0,94.0,279.0,93.0,282.0,94.0,279.0,94.0,269.0,94.0,262.0,95.0,259.0,95.0,257.0,96.0,257.0,96.0,278.0,93.0,280.0,93.0,283.0,95.0,280.0,93.0,273.0,95.0,270.0,96.0,272.0,95.0,275.0,97.0,292.0,100.0,291.0,100.0,305.0,100.0,318.0,99.0,320.0,99.0,331.0,98.0,328.0,98.0,325.0,98.0,323.0,98.0,324.0,98.0,323.0,98.0,322.0,98.0,320.0,98.0,318.0,98.0,319.0,98.0,317.0,98.0,317.0,98.0,310.0,98.0,307.0,97.0,309.0,97.0,302.0,97.0,292.0,96.0,293.0,95.0,270.0,95.0,252.0,96.0,271.0,104.0,284.0,105.0,293.0,106.0,324.0,106.0,372.0,104.0
511.0,83.0,517.0,83.0,517.0,83.0,517.0,82.0,519.0,82.0,516.0,82.0,516.0,82.0,517.0,83.0,514.0,83.0,511.0,83.0,504.0,86.0,487.0,85.0,460.0,88.0,432.0,88.0,400.0,91.0,372.0,92.0,360.0,92.0,336.0,99.0,336.0,101.0,315.0,106.0,288.0,109.0,292.0,113.0,281.0,119.0,254.0,123.0,241.0,126.0,237.0,123.0,225.0,122.0,219.0,121.0,215.0,121.0,217.0,121.0,218.0,121.0,227.0,123.0,227.0,122.0,228.0,121.0,186.0,118.0,175.0,119.0,196.0,117.0,245.0,117.0,261.0,121.0,263.0,121.0,262.0,120.0,262.0,119.0,218.0,122.0,213.0,122.0,209.0,118.0,245.0,122.0,242.0,121.0,252.0,120.0,234.0,119.0,197.0,114.0,208.0,108.0,210.0,109.0,216.0,109.0,212.0,107.0,183.0,111.0,189.0,112.0,216.0,109.0,218.0,110.0,218.0,110.0,217.0,112.0,200.0,113.0,192.0,113.0,187.0,114.0,190.0,115.0,192.0,114.0,194.0,115.0,197.0,115.0,202.0,115.0,200.0,113.0,213.0,112.0,235.0,112.0,238.0,113.0,268.0,111.0,292.0,111.0,293.0,110.0,305.0,99.0,320.0,91.0,340.0,91.0,381.0,89.0,395.0,90.0
480.0,89.0,480.0,89.0,477.0,89.0,477.0,88.0,478.0,88.0,476.0,88.0,477.0,88.0,473.0,87.0,472.0,86.0,0.0,0.0,0.0,0.0,0.0,0.0,429.0,92.0,435.0,91.0,0.0,0.0,0.0,0.0,0.0,0.0,0.0,0.0,0.0,0.0,0.0,0.0,0.0,0.0,0.0,0.0,0.0,0.0,0.0,0.0,0.0,0.0,0.0,0.0,0.0,0.0,0.0,0.0,0.0,0.0,0.0,0.0,0.0,0.0,0.0,0.0,0.0,0.0,0.0,0.0,162.0,114.0,166.0,112.0,0.0,0.0,0.0,0.0,0.0,0.0,0.0,0.0,0.0,0.0,0.0,0.0,0.0,0.0,0.0,0.0,0.0,0.0,0.0,0.0,0.0,0.0,0.0,0.0,0.0,0.0,0.0,0.0,0.0,0.0,199.0,105.0,0.0,0.0,197.0,106.0,165.0,113.0,164.0,113.0,0.0,0.0,0.0,0.0,0.0,0.0,0.0,0.0,183.0,112.0,0.0,0.0,180.0,109.0,175.0,108.0,174.0,111.0,0.0,0.0,176.0,113.0,180.0,112.0,176.0,117.0,182.0,112.0,0.0,0.0,0.0,0.0,293.0,107.0,0.0,0.0,302.0,109.0,283.0,106.0,0.0,0.0,0.0,0.0,0.0,0.0,0.0,0.0
517.0,89.0,520.0,89.0,522.0,89.0,524.0,89.0,525.0,89.0,524.0,88.0,524.0,88.0,522.0,88.0,519.0,88.0,0.0,0.0,0.0,0.0,0.0,0.0,471.0,93.0,467.0,92.0,0.0,0.0,0.0,0.0,0.0,0.0,0.0,0.0,0.0,0.0,0.0,0.0,0.0,0.0,0.0,0.0,0.0,0.0,0.0,0.0,0.0,0.0,0.0,0.0,0.0,0.0,0.0,0.0,0.0,0.0,0.0,0.0,0.0,0.0,0.0,0.0,0.0,0.0,0.0,0.0,146.0,125.0,149.0,127.0,0.0,0.0,0.0,0.0,0.0,0.0,0.0,0.0,0.0,0.0,0.0,0.0,0.0,0.0,0.0,0.0,0.0,0.0,0.0,0.0,0.0,0.0,0.0,0.0,0.0,0.0,0.0,0.0,0.0,0.0,201.0,110.0,0.0,0.0,205.0,109.0,148.0,127.0,154.0,127.0,0.0,0.0,0.0,0.0,0.0,0.0,0.0,0.0,158.0,128.0,0.0,0.0,149.0,124.0,155.0,121.0,159.0,122.0,0.0,0.0,155.0,127.0,159.0,125.0,159.0,130.0,168.0,124.0,0.0,0.0,0.0,0.0,262.0,113.0,0.0,0.0,278.0,113.0,259.0,111.0,0.0,0.0,0.0,0.0,0.0,0.0,0.0,0.0
532.0,89.0,534.0,88.0,536.0,89.0,538.0,89.0,538.0,89.0,536.0,88.0,536.0,88.0,534.0,88.0,531.0,88.0,0.0,0.0,0.0,0.0,0.0,0.0,480.0,92.0,469.0,91.0,0.0,0.0,0.0,0.0,0.0,0.0,0.0,0.0,0.0,0.0,0.0,0.0,0.0,0.0,0.0,0.0,0.0,0.0,0.0,0.0,0.0,0.0,0.0,0.0,0.0,0.0,0.0,0.0,0.0,0.0,0.0,0.0,0.0,0.0,0.0,0.0,0.0,0.0,0.0,0.0,154.0,132.0,156.0,134.0,0.0,0.0,0.0,0.0,0.0,0.0,0.0,0.0,0.0,0.0,0.0,0.0,0.0,0.0,0.0,0.0,0.0,0.0,0.0,0.0,0.0,0.0,0.0,0.0,0.0,0.0,0.0,0.0,0.0,0.0,218.0,112.0,0.0,0.0,219.0,111.0,155.0,135.0,159.0,133.0,0.0,0.0,0.0,0.0,0.0,0.0,0.0,0.0,165.0,135.0,0.0,0.0,156.0,133.0,160.0,128.0,164.0,128.0,0.0,0.0,164.0,134.0,164.0,131.0,162.0,133.0,171.0,130.0,0.0,0.0,0.0,0.0,237.0,113.0,0.0,0.0,254.0,114.0,242.0,112.0,0.0,0.0,0.0,0.0,0.0,0.0,0.0,0.0
540.0,89.0,542.0,89.0,543.0,89.0,544.0,89.0,543.0,89.0,541.0,89.0,541.0,89.0,539.0,88.0,535.0,88.0,0.0,0.0,0.0,0.0,0.0,0.0,481.0,90.0,463.0,91.0,0.0,0.0,0.0,0.0,0.0,0.0,0.0,0.0,0.0,0.0,0.0,0.0,0.0,0.0,0.0,0.0,0.0,0.0,0.0,0.0,0.0,0.0,0.0,0.0,0.0,0.0,0.0,0.0,0.0,0.0,0.0,0.0,0.0,0.0,0.0,0.0,0.0,0.0,0.0,0.0,164.0,136.0,165.0,139.0,0.0,0.0,0.0,0.0,0.0,0.0,0.0,0.0,0.0,0.0,0.0,0.0,0.0,0.0,0.0,0.0,0.0,0.0,0.0,0.0,0.0,0.0,0.0,0.0,0.0,0.0,0.0,0.0,0.0,0.0,237.0,112.0,0.0,0.0,233.0,112.0,164.0,139.0,164.0,135.0,0.0,0.0,0.0,0.0,0.0,0.0,0.0,0.0,176.0,138.0,0.0,0.0,167.0,137.0,171.0,133.0,174.0,132.0,0.0,0.0,174.0,138.0,174.0,135.0,166.0,135.0,179.0,133.0,0.0,0.0,0.0,0.0,220.0,111.0,0.0,0.0,236.0,113.0,233.0,111.0,0.0,0.0,0.0,0.0,0.0,0.0,0.0,0.0
544.0,89.0,544.0,89.0,545.0,89.0,544.0,89.0,543.0,89.0,541.0,89.0,541.0,89.0,539.0,89.0,535.0,89.0,0.0,0.0,0.0,0.0,0.0,0.0,476.0,88.0,453.0,90.0,0.0,0.0,0.0,0.0,0.0,0.0,0.0,0.0,0.0,0.0,0.0,0.0,0.0,0.0,0.0,0.0,0.0,0.0,0.0,0.0,0.0,0.0,0.0,0.0,0.0,0.0,0.0,0.0,0.0,0.0,0.0,0.0,0.0,0.0,0.0,0.0,0.0,0.0,0.0,0.0,174.0,138.0,174.0,140.0,0.0,0.0,0.0,0.0,0.0,0.0,0.0,0.0,0.0,0.0,0.0,0.0,0.0,0.0,0.0,0.0,0.0,0.0,0.0,0.0,0.0,0.0,0.0,0.0,0.0,0.0,0.0,0.0,0.0,0.0,253.0,112.0,0.0,0.0,245.0,112.0,174.0,141.0,169.0,137.0,0.0,0.0,0.0,0.0,0.0,0.0,0.0,0.0,185.0,140.0,0.0,0.0,177.0,140.0,188.0,136.0,187.0,134.0,0.0,0.0,185.0,139.0,185.0,137.0,173.0,134.0,189.0,135.0,0.0,0.0,0.0,0.0,208.0,108.0,0.0,0.0,224.0,111.0,228.0,110.0,0.0,0.0,0.0,0.0,0.0,0.0,0.0,0.0
479.0,91.0,479.0,91.0,476.0,91.0,476.0,91.0,476.0,90.0,476.0,90.0,478.0,90.0,474.0,89.0,473.0,88.0,0.0,0.0,0.0,0.0,0.0,0.0,440.0,94.0,441.0,93.0,0.0,0.0,0.0,0.0,0.0,0.0,0.0,0.0,0.0,0.0,0.0,0.0,0.0,0.0,0.0,0.0,0.0,0.0,0.0,0.0,0.0,0.0,0.0,0.0,0.0,0.0,0.0,0.0,0.0,0.0,0.0,0.0,0.0,0.0,0.0,0.0,0.0,0.0,0.0,0.0,134.0,115.0,140.0,109.0,0.0,0.0,0.0,0.0,0.0,0.0,0.0,0.0,0.0,0.0,0.0,0.0,0.0,0.0,0.0,0.0,0.0,0.0,0.0,0.0,0.0,0.0,0.0,0.0,0.0,0.0,0.0,0.0,0.0,0.0,182.0,102.0,0.0,0.0,185.0,103.0,138.0,115.0,136.0,114.0,0.0,0.0,0.0,0.0,0.0,0.0,0.0,0.0,158.0,109.0,0.0,0.0,156.0,104.0,150.0,104.0,148.0,109.0,0.0,0.0,148.0,113.0,152.0,111.0,150.0,117.0,155.0,110.0,0.0,0.0,0.0,0.0,293.0,108.0,0.0,0.0,294.0,108.0,269.0,104.0,0.0,0.0,0.0,0.0,0.0,0.0,0.0,0.0
528.0,92.0,530.0,92.0,529.0,93.0,530.0,93.0,529.0,93.0,529.0,92.0,529.0,92.0,527.0,92.0,522.0,92.0,0.0,0.0,0.0,0.0,0.0,0.0,469.0,95.0,455.0,95.0,0.0,0.0,0.0,0.0,0.0,0.0,0.0,0.0,0.0,0.0,0.0,0.0,0.0,0.0,0.0,0.0,0.0,0.0,0.0,0.0,0.0,0.0,0.0,0.0,0.0,0.0,0.0,0.0,0.0,0.0,0.0,0.0,0.0,0.0,0.0,0.0,0.0,0.0,0.0,0.0,108.0,135.0,111.0,135.0,0.0,0.0,0.0,0.0,0.0,0.0,0.0,0.0,0.0,0.0,0.0,0.0,0.0,0.0,0.0,0.0,0.0,0.0,0.0,0.0,0.0,0.0,0.0,0.0,0.0,0.0,0.0,0.0,0.0,0.0,203.0,101.0,0.0,0.0,211.0,101.0,108.0,136.0,115.0,135.0,0.0,0.0,0.0,0.0,0.0,0.0,0.0,0.0,121.0,134.0,0.0,0.0,114.0,126.0,117.0,126.0,123.0,126.0,0.0,0.0,119.0,135.0,122.0,131.0,123.0,130.0,129.0,129.0,0.0,0.0,0.0,0.0,257.0,106.0,0.0,0.0,262.0,107.0,245.0,106.0,0.0,0.0,0.0,0.0,0.0,0.0,0.0,0.0
541.0,92.0,542.0,93.0,542.0,93.0,542.0,93.0,541.0,93.0,541.0,93.0,542.0,93.0,536.0,93.0,531.0,93.0,0.0,0.0,0.0,0.0,0.0,0.0,470.0,94.0,454.0,95.0,0.0,0.0,0.0,0.0,0.0,0.0,0.0,0.0,0.0,0.0,0.0,0.0,0.0,0.0,0.0,0.0,0.0,0.0,0.0,0.0,0.0,0.0,0.0,0.0,0.0,0.0,0.0,0.0,0.0,0.0,0.0,0.0,0.0,0.0,0.0,0.0,0.0,0.0,0.0,0.0,117.0,142.0,119.0,143.0,0.0,0.0,0.0,0.0,0.0,0.0,0.0,0.0,0.0,0.0,0.0,0.0,0.0,0.0,0.0,0.0,0.0,0.0,0.0,0.0,0.0,0.0,0.0,0.0,0.0,0.0,0.0,0.0,0.0,0.0,223.0,102.0,0.0,0.0,227.0,101.0,117.0,144.0,118.0,141.0,0.0,0.0,0.0,0.0,0.0,0.0,0.0,0.0,131.0,140.0,0.0,0.0,122.0,134.0,125.0,135.0,128.0,133.0,0.0,0.0,128.0,142.0,130.0,139.0,126.0,134.0,135.0,135.0,0.0,0.0,0.0,0.0,239.0,102.0,0.0,0.0,240.0,105.0,231.0,104.0,0.0,0.0,0.0,0.0,0.0,0.0,0.0,0.0
546.0,92.0,547.0,92.0,545.0,93.0,545.0,93.0,544.0,93.0,544.0,92.0,546.0,93.0,540.0,93.0,536.0,93.0,0.0,0.0,0.0,0.0,0.0,0.0,469.0,93.0,450.0,95.0,0.0,0.0,0.0,0.0,0.0,0.0,0.0,0.0,0.0,0.0,0.0,0.0,0.0,0.0,0.0,0.0,0.0,0.0,0.0,0.0,0.0,0.0,0.0,0.0,0.0,0.0,0.0,0.0,0.0,0.0,0.0,0.0,0.0,0.0,0.0,0.0,0.0,0.0,0.0,0.0,131.0,145.0,132.0,146.0,0.0,0.0,0.0,0.0,0.0,0.0,0.0,0.0,0.0,0.0,0.0,0.0,0.0,0.0,0.0,0.0,0.0,0.0,0.0,0.0,0.0,0.0,0.0,0.0,0.0,0.0,0.0,0.0,0.0,0.0,243.0,103.0,0.0,0.0,241.0,103.0,130.0,148.0,123.0,143.0,0.0,0.0,0.0,0.0,0.0,0.0,0.0,0.0,146.0,144.0,0.0,0.0,135.0,140.0,142.0,141.0,142.0,136.0,0.0,0.0,143.0,145.0,142.0,142.0,130.0,135.0,144.0,138.0,0.0,0.0,0.0,0.0,227.0,100.0,0.0,0.0,222.0,104.0,219.0,105.0,0.0,0.0,0.0,0.0,0.0,0.0,0.0,0.0
550.0,91.0,549.0,91.0,546.0,92.0,546.0,92.0,546.0,92.0,544.0,92.0,546.0,92.0,541.0,92.0,538.0,92.0,0.0,0.0,0.0,0.0,0.0,0.0,464.0,91.0,444.0,93.0,0.0,0.0,0.0,0.0,0.0,0.0,0.0,0.0,0.0,0.0,0.0,0.0,0.0,0.0,0.0,0.0,0.0,0.0,0.0,0.0,0.0,0.0,0.0,0.0,0.0,0.0,0.0,0.0,0.0,0.0,0.0,0.0,0.0,0.0,0.0,0.0,0.0,0.0,0.0,0.0,151.0,145.0,149.0,146.0,0.0,0.0,0.0,0.0,0.0,0.0,0.0,0.0,0.0,0.0,0.0,0.0,0.0,0.0,0.0,0.0,0.0,0.0,0.0,0.0,0.0,0.0,0.0,0.0,0.0,0.0,0.0,0.0,0.0,0.0,256.0,107.0,0.0,0.0,248.0,108.0,144.0,147.0,136.0,142.0,0.0,0.0,0.0,0.0,0.0,0.0,0.0,0.0,161.0,144.0,0.0,0.0,150.0,143.0,166.0,142.0,162.0,138.0,0.0,0.0,161.0,145.0,162.0,142.0,142.0,134.0,162.0,140.0,0.0,0.0,0.0,0.0,214.0,100.0,0.0,0.0,207.0,105.0,211.0,107.0,0.0,0.0,0.0,0.0,0.0,0.0,0.0,0.0
476.0,94.0,477.0,94.0,474.0,94.0,476.0,93.0,472.0,93.0,476.0,93.0,478.0,93.0,475.0,92.0,474.0,90.0,0.0,0.0,0.0,0.0,0.0,0.0,447.0,94.0,444.0,94.0,0.0,0.0,0.0,0.0,0.0,0.0,0.0,0.0,0.0,0.0,0.0,0.0,0.0,0.0,0.0,0.0,0.0,0.0,0.0,0.0,0.0,0.0,0.0,0.0,0.0,0.0,0.0,0.0,0.0,0.0,0.0,0.0,0.0,0.0,0.0,0.0,0.0,0.0,0.0,0.0,114.0,115.0,122.0,104.0,0.0,0.0,0.0,0.0,0.0,0.0,0.0,0.0,0.0,0.0,0.0,0.0,0.0,0.0,0.0,0.0,0.0,0.0,0.0,0.0,0.0,0.0,0.0,0.0,0.0,0.0,0.0,0.0,0.0,0.0,169.0,98.0,0.0,0.0,177.0,100.0,118.0,116.0,117.0,113.0,0.0,0.0,0.0,0.0,0.0,0.0,0.0,0.0,137.0,105.0,0.0,0.0,138.0,99.0,132.0,100.0,128.0,107.0,0.0,0.0,125.0,115.0,131.0,109.0,130.0,117.0,135.0,108.0,0.0,0.0,0.0,0.0,292.0,108.0,0.0,0.0,291.0,106.0,260.0,102.0,0.0,0.0,0.0,0.0,0.0,0.0,0.0,0.0
537.0,97.0,534.0,97.0,525.0,97.0,525.0,97.0,525.0,97.0,523.0,97.0,521.0,97.0,517.0,97.0,509.0,97.0,0.0,0.0,0.0,0.0,0.0,0.0,437.0,97.0,423.0,98.0,0.0,0.0,0.0,0.0,0.0,0.0,0.0,0.0,0.0,0.0,0.0,0.0,0.0,0.0,0.0,0.0,0.0,0.0,0.0,0.0,0.0,0.0,0.0,0.0,0.0,0.0,0.0,0.0,0.0,0.0,0.0,0.0,0.0,0.0,0.0,0.0,0.0,0.0,0.0,0.0,78.0,148.0,78.0,144.0,0.0,0.0,0.0,0.0,0.0,0.0,0.0,0.0,0.0,0.0,0.0,0.0,0.0,0.0,0.0,0.0,0.0,0.0,0.0,0.0,0.0,0.0,0.0,0.0,0.0,0.0,0.0,0.0,0.0,0.0,228.0,93.0,0.0,0.0,233.0,94.0,82.0,146.0,82.0,143.0,0.0,0.0,0.0,0.0,0.0,0.0,0.0,0.0,99.0,135.0,0.0,0.0,114.0,121.0,112.0,122.0,105.0,126.0,0.0,0.0,92.0,143.0,94.0,137.0,114.0,128.0,99.0,133.0,0.0,0.0,0.0,0.0,272.0,101.0,0.0,0.0,268.0,101.0,255.0,99.0,0.0,0.0,0.0,0.0,0.0,0.0,0.0,0.0
542.0,97.0,538.0,97.0,529.0,97.0,528.0,97.0,529.0,97.0,529.0,97.0,527.0,97.0,519.0,97.0,514.0,97.0,0.0,0.0,0.0,0.0,0.0,0.0,437.0,96.0,417.0,98.0,0.0,0.0,0.0,0.0,0.0,0.0,0.0,0.0,0.0,0.0,0.0,0.0,0.0,0.0,0.0,0.0,0.0,0.0,0.0,0.0,0.0,0.0,0.0,0.0,0.0,0.0,0.0,0.0,0.0,0.0,0.0,0.0,0.0,0.0,0.0,0.0,0.0,0.0,0.0,0.0,85.0,156.0,86.0,150.0,0.0,0.0,0.0,0.0,0.0,0.0,0.0,0.0,0.0,0.0,0.0,0.0,0.0,0.0,0.0,0.0,0.0,0.0,0.0,0.0,0.0,0.0,0.0,0.0,0.0,0.0,0.0,0.0,0.0,0.0,246.0,93.0,0.0,0.0,248.0,94.0,86.0,155.0,85.0,149.0,0.0,0.0,0.0,0.0,0.0,0.0,0.0,0.0,109.0,141.0,0.0,0.0,116.0,128.0,114.0,132.0,111.0,132.0,0.0,0.0,99.0,149.0,101.0,144.0,120.0,129.0,104.0,141.0,0.0,0.0,0.0,0.0,265.0,96.0,0.0,0.0,257.0,96.0,249.0,98.0,0.0,0.0,0.0,0.0,0.0,0.0,0.0,0.0
547.0,96.0,541.0,96.0,531.0,95.0,529.0,96.0,530.0,96.0,531.0,96.0,532.0,96.0,524.0,96.0,520.0,96.0,0.0,0.0,0.0,0.0,0.0,0.0,436.0,94.0,415.0,97.0,0.0,0.0,0.0,0.0,0.0,0.0,0.0,0.0,0.0,0.0,0.0,0.0,0.0,0.0,0.0,0.0,0.0,0.0,0.0,0.0,0.0,0.0,0.0,0.0,0.0,0.0,0.0,0.0,0.0,0.0,0.0,0.0,0.0,0.0,0.0,0.0,0.0,0.0,0.0,0.0,100.0,155.0,103.0,149.0,0.0,0.0,0.0,0.0,0.0,0.0,0.0,0.0,0.0,0.0,0.0,0.0,0.0,0.0,0.0,0.0,0.0,0.0,0.0,0.0,0.0,0.0,0.0,0.0,0.0,0.0,0.0,0.0,0.0,0.0,257.0,95.0,0.0,0.0,254.0,97.0,103.0,150.0,92.0,148.0,0.0,0.0,0.0,0.0,0.0,0.0,0.0,0.0,130.0,142.0,0.0,0.0,130.0,135.0,126.0,140.0,123.0,135.0,0.0,0.0,120.0,147.0,115.0,146.0,126.0,129.0,117.0,143.0,0.0,0.0,0.0,0.0,255.0,95.0,0.0,0.0,243.0,95.0,234.0,98.0,0.0,0.0,0.0,0.0,0.0,0.0,0.0,0.0
548.0,94.0,544.0,94.0,536.0,94.0,535.0,94.0,535.0,94.0,536.0,95.0,537.0,95.0,531.0,95.0,527.0,95.0,0.0,0.0,0.0,0.0,0.0,0.0,434.0,92.0,420.0,95.0,0.0,0.0,0.0,0.0,0.0,0.0,0.0,0.0,0.0,0.0,0.0,0.0,0.0,0.0,0.0,0.0,0.0,0.0,0.0,0.0,0.0,0.0,0.0,0.0,0.0,0.0,0.0,0.0,0.0,0.0,0.0,0.0,0.0,0.0,0.0,0.0,0.0,0.0,0.0,0.0,127.0,151.0,125.0,148.0,0.0,0.0,0.0,0.0,0.0,0.0,0.0,0.0,0.0,0.0,0.0,0.0,0.0,0.0,0.0,0.0,0.0,0.0,0.0,0.0,0.0,0.0,0.0,0.0,0.0,0.0,0.0,0.0,0.0,0.0,260.0,101.0,0.0,0.0,255.0,103.0,122.0,150.0,108.0,146.0,0.0,0.0,0.0,0.0,0.0,0.0,0.0,0.0,145.0,143.0,0.0,0.0,139.0,141.0,153.0,145.0,142.0,137.0,0.0,0.0,143.0,147.0,141.0,146.0,133.0,131.0,141.0,142.0,0.0,0.0,0.0,0.0,239.0,95.0,0.0,0.0,220.0,95.0,209.0,101.0,0.0,0.0,0.0,0.0,0.0,0.0,0.0,0.0
0.0,0.0,1134.0,155.0,1130.0,156.0,1128.0,156.0,1127.0,156.0,1126.0,156.0,1125.0,156.0,1123.0,156.0,0.0,0.0,0.0,0.0,0.0,0.0,0.0,0.0,0.0,0.0,1126.0,157.0,0.0,0.0,1121.0,158.0,0.0,0.0,0.0,0.0,1127.0,158.0,1126.0,158.0,1124.0,158.0,1124.0,158.0,0.0,0.0,0.0,0.0,0.0,0.0,0.0,0.0,0.0,0.0,1123.0,157.0,1121.0,158.0,1118.0,158.0,1119.0,158.0,1117.0,158.0,0.0,0.0,0.0,0.0,0.0,0.0,0.0,0.0,0.0,0.0,0.0,0.0,0.0,0.0,0.0,0.0,0.0,0.0,0.0,0.0,0.0,0.0,0.0,0.0,0.0,0.0,0.0,0.0,0.0,0.0,0.0,0.0,0.0,0.0,1142.0,155.0,0.0,0.0,0.0,0.0,1144.0,155.0,1149.0,154.0,1149.0,154.0,1149.0,154.0,1150.0,154.0,1153.0,154.0,1153.0,154.0,0.0,0.0,0.0,0.0,0.0,0.0,1159.0,154.0,1155.0,154.0,1157.0,154.0,1157.0,154.0,1157.0,154.0,1161.0,154.0,1164.0,154.0,1168.0,153.0,0.0,0.0,0.0,0.0,0.0,0.0,1138.0,156.0,1136.0,156.0,1137.0,156.0,1141.0,156.0,1130.0,157.0,0.0,0.0,0.0,0.0
0.0,0.0,1127.0,156.0,1124.0,156.0,1123.0,156.0,1123.0,156.0,1121.0,156.0,1122.0,156.0,1119.0,156.0,0.0,0.0,0.0,0.0,0.0,0.0,0.0,0.0,0.0,0.0,1128.0,156.0,0.0,0.0,1128.0,157.0,0.0,0.0,0.0,0.0,1121.0,158.0,1121.0,158.0,1117.0,158.0,1116.0,158.0,0.0,0.0,0.0,0.0,0.0,0.0,0.0,0.0,0.0,0.0,1117.0,158.0,1113.0,158.0,1111.0,158.0,1111.0,158.0,1111.0,158.0,0.0,0.0,0.0,0.0,0.0,0.0,0.0,0.0,0.0,0.0,0.0,0.0,0.0,0.0,0.0,0.0,0.0,0.0,0.0,0.0,0.0,0.0,0.0,0.0,0.0,0.0,0.0,0.0,0.0,0.0,0.0,0.0,0.0,0.0,1119.0,157.0,0.0,0.0,0.0,0.0,1130.0,156.0,1134.0,156.0,1134.0,156.0,1139.0,155.0,1139.0,155.0,1148.0,154.0,1144.0,155.0,0.0,0.0,0.0,0.0,0.0,0.0,1140.0,156.0,1134.0,156.0,1133.0,156.0,1146.0,155.0,1134.0,156.0,1136.0,156.0,1149.0,155.0,1145.0,155.0,0.0,0.0,0.0,0.0,0.0,0.0,1142.0,155.0,1129.0,157.0,1124.0,157.0,1131.0,157.0,1132.0,156.0,0.0,0.0,0.0,0.0
0.0,0.0,1120.0,156.0,1115.0,156.0,1115.0,156.0,1115.0,156.0,1113.0,156.0,1113.0,156.0,1110.0,157.0,0.0,0.0,0.0,0.0,0.0,0.0,0.0,0.0,0.0,0.0,1120.0,156.0,0.0,0.0,1124.0,156.0,0.0,0.0,0.0,0.0,1114.0,158.0,1111.0,159.0,1109.0,159.0,1108.0,159.0,0.0,0.0,0.0,0.0,0.0,0.0,0.0,0.0,0.0,0.0,1107.0,158.0,1103.0,159.0,1102.0,159.0,1102.0,159.0,1102.0,159.0,0.0,0.0,0.0,0.0,0.0,0.0,0.0,0.0,0.0,0.0,0.0,0.0,0.0,0.0,0.0,0.0,0.0,0.0,0.0,0.0,0.0,0.0,0.0,0.0,0.0,0.0,0.0,0.0,0.0,0.0,0.0,0.0,0.0,0.0,1107.0,158.0,0.0,0.0,0.0,0.0,1117.0,157.0,1121.0,157.0,1122.0,156.0,1126.0,156.0,1130.0,156.0,1136.0,155.0,1134.0,155.0,0.0,0.0,0.0,0.0,0.0,0.0,1127.0,156.0,1121.0,157.0,1121.0,157.0,1134.0,156.0,1121.0,157.0,1123.0,157.0,1136.0,156.0,1131.0,156.0,0.0,0.0,0.0,0.0,0.0,0.0,1135.0,156.0,1121.0,157.0,1115.0,158.0,1121.0,157.0,1128.0,156.0,0.0,0.0,0.0,0.0
0.0,0.0,1113.0,156.0,1108.0,157.0,1108.0,157.0,1107.0,157.0,1105.0,157.0,1105.0,157.0,1102.0,157.0,0.0,0.0,0.0,0.0,0.0,0.0,0.0,0.0,0.0,0.0,1112.0,157.0,0.0,0.0,1119.0,157.0,0.0,0.0,0.0,0.0,1108.0,158.0,1104.0,159.0,1102.0,159.0,1100.0,159.0,0.0,0.0,0.0,0.0,0.0,0.0,0.0,0.0,0.0,0.0,1098.0,159.0,1095.0,159.0,1094.0,160.0,1095.0,160.0,1094.0,159.0,0.0,0.0,0.0,0.0,0.0,0.0,0.0,0.0,0.0,0.0,0.0,0.0,0.0,0.0,0.0,0.0,0.0,0.0,0.0,0.0,0.0,0.0,0.0,0.0,0.0,0.0,0.0,0.0,0.0,0.0,0.0,0.0,0.0,0.0,1099.0,158.0,0.0,0.0,0.0,0.0,1106.0,158.0,1110.0,157.0,1110.0,157.0,1115.0,157.0,1121.0,156.0,1124.0,156.0,1125.0,156.0,0.0,0.0,0.0,0.0,0.0,0.0,1117.0,157.0,1112.0,158.0,1114.0,157.0,1122.0,156.0,1111.0,158.0,1115.0,157.0,1125.0,156.0,1122.0,157.0,0.0,0.0,0.0,0.0,0.0,0.0,1126.0,156.0,1112.0,158.0,1108.0,158.0,1112.0,158.0,1124.0,156.0,0.0,0.0,0.0,0.0
0.0,0.0,1107.0,156.0,1102.0,157.0,1102.0,157.0,1100.0,157.0,1098.0,157.0,1097.0,157.0,1094.0,158.0,0.0,0.0,0.0,0.0,0.0,0.0,0.0,0.0,0.0,0.0,1103.0,158.0,0.0,0.0,1112.0,157.0,0.0,0.0,0.0,0.0,1103.0,159.0,1096.0,159.0,1095.0,159.0,1094.0,160.0,0.0,0.0,0.0,0.0,0.0,0.0,0.0,0.0,0.0,0.0,1091.0,160.0,1088.0,160.0,1088.0,160.0,1088.0,160.0,1087.0,160.0,0.0,0.0,0.0,0.0,0.0,0.0,0.0,0.0,0.0,0.0,0.0,0.0,0.0,0.0,0.0,0.0,0.0,0.0,0.0,0.0,0.0,0.0,0.0,0.0,0.0,0.0,0.0,0.0,0.0,0.0,0.0,0.0,0.0,0.0,1094.0,158.0,0.0,0.0,0.0,0.0,1096.0,158.0,1099.0,158.0,1100.0,158.0,1104.0,158.0,1113.0,156.0,1113.0,157.0,1118.0,156.0,0.0,0.0,0.0,0.0,0.0,0.0,1109.0,158.0,1106.0,158.0,1109.0,157.0,1112.0,157.0,1106.0,158.0,1110.0,158.0,1115.0,157.0,1116.0,157.0,0.0,0.0,0.0,0.0,0.0,0.0,1116.0,157.0,1106.0,158.0,1103.0,158.0,1104.0,158.0,1117.0,157.0,0.0,0.0,0.0,0.0
0.0,0.0,1144.0,154.0,1139.0,154.0,1137.0,155.0,1135.0,155.0,1134.0,155.0,1131.0,155.0,1129.0,155.0,0.0,0.0,0.0,0.0,0.0,0.0,0.0,0.0,0.0,0.0,1133.0,156.0,0.0,0.0,1127.0,157.0,0.0,0.0,0.0,0.0,1133.0,157.0,1132.0,157.0,1128.0,157.0,1130.0,157.0,0.0,0.0,0.0,0.0,0.0,0.0,0.0,0.0,0.0,0.0,1129.0,157.0,1126.0,157.0,1124.0,157.0,1124.0,157.0,1122.0,157.0,0.0,0.0,0.0,0.0,0.0,0.0,0.0,0.0,0.0,0.0,0.0,0.0,0.0,0.0,0.0,0.0,0.0,0.0,0.0,0.0,0.0,0.0,0.0,0.0,0.0,0.0,0.0,0.0,0.0,0.0,0.0,0.0,0.0,0.0,1143.0,154.0,0.0,0.0,0.0,0.0,1148.0,154.0,1153.0,154.0,1152.0,154.0,1154.0,154.0,1153.0,154.0,1158.0,154.0,1156.0,154.0,0.0,0.0,0.0,0.0,0.0,0.0,1160.0,154.0,1156.0,154.0,1157.0,154.0,1160.0,154.0,1157.0,154.0,1161.0,154.0,1167.0,153.0,1168.0,153.0,0.0,0.0,0.0,0.0,0.0,0.0,1145.0,155.0,1142.0,155.0,1143.0,155.0,1146.0,155.0,1135.0,156.0,0.0,0.0,0.0,0.0
0.0,0.0,1144.0,154.0,1139.0,154.0,1137.0,154.0,1136.0,154.0,1133.0,155.0,1133.0,155.0,1130.0,155.0,0.0,0.0,0.0,0.0,0.0,0.0,0.0,0.0,0.0,0.0,1135.0,155.0,0.0,0.0,1130.0,156.0,0.0,0.0,0.0,0.0,1127.0,157.0,1123.0,158.0,1120.0,158.0,1119.0,158.0,0.0,0.0,0.0,0.0,0.0,0.0,0.0,0.0,0.0,0.0,1122.0,157.0,1117.0,158.0,1115.0,158.0,1115.0,158.0,1115.0,158.0,0.0,0.0,0.0,0.0,0.0,0.0,0.0,0.0,0.0,0.0,0.0,0.0,0.0,0.0,0.0,0.0,0.0,0.0,0.0,0.0,0.0,0.0,0.0,0.0,0.0,0.0,0.0,0.0,0.0,0.0,0.0,0.0,0.0,0.0,1111.0,158.0,0.0,0.0,0.0,0.0,1124.0,156.0,1130.0,156.0,1131.0,156.0,1137.0,155.0,1136.0,155.0,1149.0,154.0,1136.0,156.0,0.0,0.0,0.0,0.0,0.0,0.0,1137.0,156.0,1125.0,157.0,1124.0,157.0,1147.0,155.0,1127.0,157.0,1130.0,156.0,1147.0,155.0,1136.0,156.0,0.0,0.0,0.0,0.0,0.0,0.0,1136.0,156.0,1138.0,156.0,1129.0,157.0,1138.0,156.0,1136.0,156.0,0.0,0.0,0.0,0.0
0.0,0.0,1139.0,154.0,1133.0,154.0,1132.0,154.0,1129.0,155.0,1126.0,155.0,1126.0,155.0,1123.0,155.0,0.0,0.0,0.0,0.0,0.0,0.0,0.0,0.0,0.0,0.0,1126.0,156.0,0.0,0.0,1126.0,156.0,0.0,0.0,0.0,0.0,1124.0,157.0,1122.0,157.0,1119.0,157.0,1118.0,157.0,0.0,0.0,0.0,0.0,0.0,0.0,0.0,0.0,0.0,0.0,1117.0,157.0,1112.0,158.0,1112.0,158.0,1112.0,158.0,1112.0,157.0,0.0,0.0,0.0,0.0,0.0,0.0,0.0,0.0,0.0,0.0,0.0,0.0,0.0,0.0,0.0,0.0,0.0,0.0,0.0,0.0,0.0,0.0,0.0,0.0,0.0,0.0,0.0,0.0,0.0,0.0,0.0,0.0,0.0,0.0,1102.0,158.0,0.0,0.0,0.0,0.0,1112.0,157.0,1117.0,157.0,1117.0,157.0,1124.0,156.0,1126.0,156.0,1134.0,155.0,1126.0,156.0,0.0,0.0,0.0,0.0,0.0,0.0,1122.0,157.0,1112.0,158.0,1111.0,158.0,1132.0,156.0,1112.0,158.0,1118.0,157.0,1135.0,156.0,1122.0,157.0,0.0,0.0,0.0,0.0,0.0,0.0,1131.0,156.0,1132.0,156.0,1127.0,156.0,1131.0,156.0,1132.0,156.0,0.0,0.0,0.0,0.0
0.0,0.0,1130.0,154.0,1125.0,155.0,1123.0,155.0,1121.0,155.0,1118.0,155.0,1117.0,155.0,1114.0,156.0,0.0,0.0,0.0,0.0,0.0,0.0,0.0,0.0,0.0,0.0,1116.0,156.0,0.0,0.0,1120.0,156.0,0.0,0.0,0.0,0.0,1118.0,157.0,1115.0,157.0,1112.0,158.0,1111.0,158.0,0.0,0.0,0.0,0.0,0.0,0.0,0.0,0.0,0.0,0.0,1109.0,158.0,1106.0,158.0,1106.0,158.0,1105.0,158.0,1105.0,158.0,0.0,0.0,0.0,0.0,0.0,0.0,0.0,0.0,0.0,0.0,0.0,0.0,0.0,0.0,0.0,0.0,0.0,0.0,0.0,0.0,0.0,0.0,0.0,0.0,0.0,0.0,0.0,0.0,0.0,0.0,0.0,0.0,0.0,0.0,1095.0,159.0,0.0,0.0,0.0,0.0,1101.0,158.0,1106.0,158.0,1107.0,158.0,1113.0,157.0,1116.0,156.0,1122.0,156.0,1118.0,157.0,0.0,0.0,0.0,0.0,0.0,0.0,1113.0,158.0,1105.0,158.0,1105.0,158.0,1122.0,156.0,1105.0,159.0,1109.0,158.0,1124.0,156.0,1114.0,158.0,0.0,0.0,0.0,0.0,0.0,0.0,1125.0,156.0,1124.0,156.0,1121.0,157.0,1122.0,156.0,1126.0,156.0,0.0,0.0,0.0,0.0
0.0,0.0,1121.0,155.0,1114.0,155.0,1114.0,155.0,1110.0,156.0,1108.0,156.0,1107.0,156.0,1104.0,156.0,0.0,0.0,0.0,0.0,0.0,0.0,0.0,0.0,0.0,0.0,1105.0,157.0,0.0,0.0,1115.0,156.0,0.0,0.0,0.0,0.0,1111.0,157.0,1106.0,158.0,1104.0,158.0,1103.0,158.0,0.0,0.0,0.0,0.0,0.0,0.0,0.0,0.0,0.0,0.0,1100.0,158.0,1098.0,158.0,1097.0,158.0,1097.0,158.0,1095.0,159.0,0.0,0.0,0.0,0.0,0.0,0.0,0.0,0.0,0.0,0.0,0.0,0.0,0.0,0.0,0.0,0.0,0.0,0.0,0.0,0.0,0.0,0.0,0.0,0.0,0.0,0.0,0.0,0.0,0.0,0.0,0.0,0.0,0.0,0.0,1090.0,159.0,0.0,0.0,0.0,0.0,1092.0,159.0,1095.0,159.0,1097.0,158.0,1103.0,158.0,1110.0,157.0,1111.0,157.0,1112.0,157.0,0.0,0.0,0.0,0.0,0.0,0.0,1105.0,158.0,1101.0,158.0,1103.0,158.0,1111.0,157.0,1100.0,159.0,1104.0,158.0,1115.0,157.0,1109.0,158.0,0.0,0.0,0.0,0.0,0.0,0.0,1123.0,156.0,1116.0,157.0,1114.0,157.0,1112.0,157.0,1120.0,156.0,0.0,0.0,0.0,0.0
0.0,0.0,1148.0,153.0,1144.0,154.0,1141.0,154.0,1139.0,154.0,1138.0,154.0,1136.0,155.0,1133.0,155.0,0.0,0.0,0.0,0.0,0.0,0.0,0.0,0.0,0.0,0.0,1136.0,155.0,0.0,0.0,1129.0,157.0,0.0,0.0,0.0,0.0,1136.0,156.0,1135.0,156.0,1132.0,157.0,1133.0,156.0,0.0,0.0,0.0,0.0,0.0,0.0,0.0,0.0,0.0,0.0,1131.0,156.0,1128.0,157.0,1126.0,157.0,1127.0,157.0,1126.0,157.0,0.0,0.0,0.0,0.0,0.0,0.0,0.0,0.0,0.0,0.0,0.0,0.0,0.0,0.0,0.0,0.0,0.0,0.0,0.0,0.0,0.0,0.0,0.0,0.0,0.0,0.0,0.0,0.0,0.0,0.0,0.0,0.0,0.0,0.0,1146.0,154.0,0.0,0.0,0.0,0.0,1152.0,154.0,1156.0,153.0,1155.0,154.0,1156.0,153.0,1153.0,154.0,1158.0,153.0,1155.0,154.0,0.0,0.0,0.0,0.0,0.0,0.0,1161.0,153.0,1158.0,154.0,1160.0,153.0,1160.0,153.0,1160.0,154.0,1163.0,153.0,1170.0,153.0,1170.0,153.0,0.0,0.0,0.0,0.0,0.0,0.0,1148.0,155.0,1146.0,155.0,1146.0,155.0,1147.0,155.0,1137.0,156.0,0.0,0.0,0.0,0.0
0.0,0.0,1153.0,153.0,1149.0,153.0,1146.0,153.0,1139.0,154.0,1139.0,154.0,1137.0,154.0,1135.0,154.0,0.0,0.0,0.0,0.0,0.0,0.0,0.0,0.0,0.0,0.0,1129.0,156.0,0.0,0.0,1123.0,157.0,0.0,0.0,0.0,0.0,1134.0,156.0,1133.0,156.0,1130.0,156.0,1128.0,156.0,0.0,0.0,0.0,0.0,0.0,0.0,0.0,0.0,0.0,0.0,1132.0,156.0,1125.0,156.0,1123.0,157.0,1124.0,156.0,1125.0,156.0,0.0,0.0,0.0,0.0,0.0,0.0,0.0,0.0,0.0,0.0,0.0,0.0,0.0,0.0,0.0,0.0,0.0,0.0,0.0,0.0,0.0,0.0,0.0,0.0,0.0,0.0,0.0,0.0,0.0,0.0,0.0,0.0,0.0,0.0,1114.0,157.0,0.0,0.0,0.0,0.0,1122.0,156.0,1128.0,156.0,1130.0,156.0,1131.0,156.0,1131.0,156.0,1139.0,155.0,1130.0,156.0,0.0,0.0,0.0,0.0,0.0,0.0,1136.0,156.0,1127.0,157.0,1127.0,157.0,1142.0,155.0,1128.0,157.0,1133.0,156.0,1143.0,155.0,1140.0,155.0,0.0,0.0,0.0,0.0,0.0,0.0,1125.0,157.0,1140.0,155.0,1141.0,155.0,1139.0,155.0,1132.0,156.0,0.0,0.0,0.0,0.0
0.0,0.0,1150.0,152.0,1139.0,153.0,1139.0,153.0,1132.0,154.0,1131.0,154.0,1129.0,154.0,1128.0,154.0,0.0,0.0,0.0,0.0,0.0,0.0,0.0,0.0,0.0,0.0,1120.0,156.0,0.0,0.0,1120.0,157.0,0.0,0.0,0.0,0.0,1125.0,156.0,1120.0,157.0,1123.0,157.0,1123.0,157.0,0.0,0.0,0.0,0.0,0.0,0.0,0.0,0.0,0.0,0.0,1124.0,156.0,1122.0,156.0,1120.0,156.0,1119.0,157.0,1117.0,157.0,0.0,0.0,0.0,0.0,0.0,0.0,0.0,0.0,0.0,0.0,0.0,0.0,0.0,0.0,0.0,0.0,0.0,0.0,0.0,0.0,0.0,0.0,0.0,0.0,0.0,0.0,0.0,0.0,0.0,0.0,0.0,0.0,0.0,0.0,1107.0,157.0,0.0,0.0,0.0,0.0,1114.0,157.0,1119.0,156.0,1121.0,156.0,1120.0,156.0,1123.0,156.0,1127.0,156.0,1123.0,156.0,0.0,0.0,0.0,0.0,0.0,0.0,1123.0,157.0,1117.0,157.0,1119.0,157.0,1127.0,156.0,1115.0,158.0,1122.0,157.0,1132.0,156.0,1129.0,156.0,0.0,0.0,0.0,0.0,0.0,0.0,1118.0,157.0,1135.0,155.0,1132.0,156.0,1133.0,155.0,1127.0,156.0,0.0,0.0,0.0,0.0
0.0,0.0,1141.0,153.0,1129.0,154.0,1130.0,154.0,1123.0,155.0,1123.0,154.0,1121.0,155.0,1120.0,155.0,0.0,0.0,0.0,0.0,0.0,0.0,0.0,0.0,0.0,0.0,1110.0,157.0,0.0,0.0,1114.0,157.0,0.0,0.0,0.0,0.0,1115.0,157.0,1109.0,158.0,1112.0,157.0,1112.0,157.0,0.0,0.0,0.0,0.0,0.0,0.0,0.0,0.0,0.0,0.0,1108.0,157.0,1112.0,157.0,1110.0,157.0,1109.0,157.0,1108.0,157.0,0.0,0.0,0.0,0.0,0.0,0.0,0.0,0.0,0.0,0.0,0.0,0.0,0.0,0.0,0.0,0.0,0.0,0.0,0.0,0.0,0.0,0.0,0.0,0.0,0.0,0.0,0.0,0.0,0.0,0.0,0.0,0.0,0.0,0.0,1099.0,158.0,0.0,0.0,0.0,0.0,1104.0,157.0,1108.0,157.0,1110.0,157.0,1110.0,157.0,1115.0,156.0,1116.0,156.0,1118.0,156.0,0.0,0.0,0.0,0.0,0.0,0.0,1116.0,157.0,1110.0,157.0,1114.0,157.0,1118.0,157.0,1108.0,158.0,1114.0,157.0,1124.0,156.0,1122.0,156.0,0.0,0.0,0.0,0.0,0.0,0.0,1112.0,157.0,1129.0,155.0,1123.0,156.0,1124.0,156.0,1121.0,156.0,0.0,0.0,0.0,0.0
0.0,0.0,1127.0,154.0,1119.0,155.0,1120.0,154.0,1113.0,155.0,1113.0,155.0,1110.0,155.0,1108.0,155.0,0.0,0.0,0.0,0.0,0.0,0.0,0.0,0.0,0.0,0.0,1101.0,157.0,0.0,0.0,1109.0,157.0,0.0,0.0,0.0,0.0,1108.0,158.0,1102.0,158.0,1104.0,158.0,1105.0,158.0,0.0,0.0,0.0,0.0,0.0,0.0,0.0,0.0,0.0,0.0,1101.0,158.0,1102.0,158.0,1099.0,158.0,1099.0,158.0,1099.0,158.0,0.0,0.0,0.0,0.0,0.0,0.0,0.0,0.0,0.0,0.0,0.0,0.0,0.0,0.0,0.0,0.0,0.0,0.0,0.0,0.0,0.0,0.0,0.0,0.0,0.0,0.0,0.0,0.0,0.0,0.0,0.0,0.0,0.0,0.0,1091.0,158.0,0.0,0.0,0.0,0.0,1094.0,158.0,1097.0,158.0,1098.0,158.0,1102.0,157.0,1109.0,157.0,1108.0,157.0,1111.0,157.0,0.0,0.0,0.0,0.0,0.0,0.0,1107.0,157.0,1104.0,158.0,1108.0,157.0,1109.0,157.0,1101.0,158.0,1107.0,157.0,1114.0,157.0,1114.0,157.0,0.0,0.0,0.0,0.0,0.0,0.0,1128.0,155.0,1122.0,156.0,1118.0,156.0,1114.0,157.0,1116.0,156.0,0.0,0.0,0.0,0.0
